Rietveld.,rietveld,0.1111111111111111
t Zandt,'t zandt,0.125
Oirschot.,oirschot,0.1111111111111111
Heusden.,heusden,0.125
Hoogeloon c.a.,oploo c.a.,0.35714285714285715
Soest.,soest,0.16666666666666666
Vlaardinger Ambacht,vlaardinger-ambacht,0.05263157894736842
Genemuiden (Vervolg),genemuiden,0.0
Bilt (De),biert,0.4
Diemen.,diemen,0.14285714285714285
Heukelom,heukelum,0.125
Ste. Geertruid.,sint geertruid,0.26666666666666666
Lindt (Groote).,linden,0.3333333333333333
Pannerden.,pannerden,0.1
Herwen en Aerdt.,herwen en aerdt,0.0625
Krimpen a.d. IJssel (Geene kom),krimpen aan den ijssel,0.22727272727272727
Aardenburg.,aardenburg,0.09090909090909091
Kethel en Spaland.,kethel en spaland,0.05555555555555555
Heeze.,heeze,0.16666666666666666
Grubbenvorst.,grubbenvorst,0.07692307692307693
Hoenkoop (Geene kom),hoenkoop,0.0
Bergschenhoek.,bergschenhoek,0.07142857142857142
Bathmen.,bathmen,0.125
Hoogeloon.,hoogelande,0.4
Overijssel.,overasselt,0.2727272727272727
Kollumerland c.a. (vervolg),oijen c.a.,0.5294117647058824
Peize.,peize,0.16666666666666666
Nijmegen.,nijmegen,0.1111111111111111
Brakel.,brakel,0.14285714285714285
Velp.,velp,0.2
Giessen Nieuwkerk,giessen-nieuwkerk,0.058823529411764705
Gouderak.,gouderak,0.1111111111111111
Jaarsveld.,jaarsveld,0.1
Hof van Delft.,hof van delft,0.07142857142857142
Petten.,petten,0.14285714285714285
Veenendaal.,veenendaal,0.09090909090909091
Schalkwijk.,schalkwijk,0.09090909090909091
Vlissingen.,vlissingen,0.09090909090909091
Leijden.,leiden,0.25
Langerak.,langerak,0.1111111111111111
Groesbeek.,groesbeek,0.1
Eigelshoven,eijgelshoven,0.08333333333333333
Oostzaan.,oostzaan,0.1111111111111111
Hoogland.,hoogland,0.1111111111111111
Baardwijk.,baardwijk,0.1
Bussum.,bussum,0.14285714285714285
Venhuizen.,venhuizen,0.1
Nieuwstadt.,nieuwstadt,0.09090909090909091
Vreeswijk.,vreeswijk,0.1
Kerkwerve.,kerkwerve,0.1
Wijmbritseradeel.,wymbritseradeel,0.17647058823529413
Oerle.,oerle,0.16666666666666666
Hoogemierde.,hoogelande,0.4166666666666667
Zon en Breugel,son en breugel,0.07142857142857142
St. Annaland.,sint annaland,0.3076923076923077
Helder,helden,0.16666666666666666
Nieuwvosmeer.,nieuw-vosmeer,0.15384615384615385
Gelderland.,reiderland,0.2727272727272727
Zutfen,zutphen,0.2857142857142857
Mill en St. Hubert.,mill en sint hubert,0.21052631578947367
Klimmen.,klimmen,0.125
Rimburg.,rimburg,0.125
Haelen.,haelen,0.14285714285714285
St. Kruis.,sint kruis,0.4
Broeksitttert,broeksittard,0.23076923076923078
Ulrum.,ulrum,0.16666666666666666
Hillegom.,hillegom,0.1111111111111111
Cothen.,cothen,0.14285714285714285
Elst.,elst,0.2
St. Maartensdijk.,sint maartensdijk,0.23529411764705882
Harlingen.,harlingen,0.1
Goes.,goes,0.2
Wieringerwaard.,wieringerwaard,0.06666666666666667
Heerewaarden.,heerewaarden,0.07692307692307693
Dell,deil,0.25
Veen.,veen,0.2
Mesch.,mesch,0.16666666666666666
Bergharen.,bergharen,0.1
Wanroij.,wanroij,0.125
Renen,rhenen,0.16666666666666666
Nieuwer Amstel.,nieuwer-amstel,0.13333333333333333
Wanneperveen.,wanneperveen,0.07692307692307693
Oudshoorn.,oudshoorn,0.1
's Heerenhoek,'s-heerenhoek,0.07692307692307693
Bergh.,bergh,0.16666666666666666
Harmelen.,harmelen,0.1111111111111111
Hilvarenbeek.,hilvarenbeek,0.07692307692307693
Winkel.,winkel,0.14285714285714285
Haarlemmerliede en Spaarnwoude.,haarlemmerliede en spaarnwoude,0.03225806451612903
Zeeland.,zeeland,0.125
Soerendonk,voerendaal,0.4
Born.,borne,0.2
Schellinkhout.,schellinkhout,0.07142857142857142
Egmond aan Zee.,egmond aan zee,0.06666666666666667
Abcoude Baambrugge,abcoude-baambrugge,0.05555555555555555
Oosterland.,oosterland,0.09090909090909091
Schiebroek.,schiebroek,0.09090909090909091
Mheer.,mheer,0.16666666666666666
Kockengen.,kockengen,0.1
Geleen.,geleen,0.14285714285714285
Hellendoorn.,hellendoorn,0.08333333333333333
Appingedam.,appingedam,0.09090909090909091
Boxmeer.,boxmeer,0.125
Leeuwarderadeel.,leeuwarderadeel,0.0625
Vreeland.,vreeland,0.1111111111111111
Serooskerke (Schouwen).,meliskerke,0.36363636363636365
Fijnaart,fijnaart c.a.,0.38461538461538464
Helder.,helden,0.2857142857142857
Wognum.,wognum,0.14285714285714285
Ommen (Ambt),ommen,0.0
Rijssen.,rijssen,0.125
Boekel.,boekel,0.14285714285714285
Hekendorp.,hekendorp,0.1
Dubbeldam.,dubbeldam,0.1
Oldebroek.,oldebroek,0.1
Biervliet.,biervliet,0.1
Wageningen.,wageningen,0.09090909090909091
Drongelen c.a.,ginneken c.a.,0.35714285714285715
Haastrecht.,haastrecht,0.09090909090909091
Margraten.,margraten,0.1
St. Pancras,sint pancras,0.25
Voorhout.,voorhout,0.1111111111111111
Houtrijk en Polanen.,houtrijk en polanen,0.05
Zuid- en NoordSchermer,zuid- en noord-schermer,0.043478260869565216
Hemmen (Geene kom),hemmen,0.0
Doornspijk.,doornspijk,0.09090909090909091
Leijderdorp,leiderdorp,0.09090909090909091
Meeden.,meeden,0.14285714285714285
Lange-ruigeweide,lange ruige weide,0.11764705882352941
Kampen.,kampen,0.14285714285714285
Brandwijk.,brandwijk,0.1
IJsselmuiden.,ijsselmuiden,0.07692307692307693
Voorst.,voorst,0.14285714285714285
Ottoland (Geene kom),ottoland,0.0
Veur.,veur,0.2
Ammerstol.,ammerstol,0.1
Gulpen.,gulpen,0.14285714285714285
Langbroek (Geene kom),langbroek,0.0
Maashees,maarheeze,0.3333333333333333
Hardenberg (Stad),hardenberg,0.0
Zonnemaire.,zonnemaire,0.09090909090909091
Haarlemmermeer.,haarlemmermeer,0.06666666666666667
Veldhuizen.,veldhuizen,0.09090909090909091
Oldehove.,oldehove,0.1111111111111111
Helden.,helden,0.14285714285714285
Nieuwendam.,nieuwendam,0.09090909090909091
Oirsbeek.,oirsbeek,0.1111111111111111
Woudenberg.,woudenberg,0.09090909090909091
Papekop (Geene kom),papekop,0.0
Dreumel.,dreumel,0.125
Workum.,workum,0.14285714285714285
Gent,gendt,0.2
Breda.,breda,0.16666666666666666
Wonseradeel.,wonseradeel,0.08333333333333333
Heinenoord.,heinenoord,0.09090909090909091
Ste. Geertruid,sint geertruid,0.21428571428571427
Zundert.,zundert,0.125
Zuid-Schalkwijk c.a.,zuidschalkwijk,0.3
Overzand,ovezande,0.25
Herten.,herten,0.14285714285714285
Hardenberg (Ambt),hardenberg,0.0
Achttienhoven (Geene kom),achttienhoven,0.0
Burgh.,burgh,0.16666666666666666
Nieuwleusen.,nieuwleusen,0.08333333333333333
"Woensdrecht, Hoogerheide en Hinkelenoord.","heesbeen, eethen en genderen",0.6097560975609756
Onstwedde.,onstwedde,0.1
Grijpskerk.,grijpskerk,0.09090909090909091
Est en Opijnen.,est en opijnen,0.06666666666666667
's Heer Arendskerke,'s-heer arendskerke,0.05263157894736842
Vorden.,vorden,0.14285714285714285
Geldermalsen.,geldermalsen,0.07692307692307693
Mill,middelle,0.5
St. Jansteen.,sint jansteen,0.3076923076923077
Berg en Terblijt.,berg en terblijt,0.058823529411764705
Ubach over Worms.,ubach over worms,0.058823529411764705
Rijswijk.,rijswijk,0.1111111111111111
Stad-Delden,stad delden,0.09090909090909091
Zuidland.,zuidland,0.1111111111111111
Naaldwijk.,naaldwijk,0.1
Dieden,diemen,0.16666666666666666
de Lier.,de lier,0.125
Oldenmarkt,oldemarkt,0.1
"Meeuwen, Hull en Babilonienbroek.","meeuwen, hill en babyloniënbroek",0.12121212121212122
Wijk en Aalburg.,wijk en aalburg,0.0625
Maastricht.,maastricht,0.09090909090909091
Schaasberg,schaesberg,0.1
Deurne en Liessel.,deurne en liessel,0.05555555555555555
Heumen.,heumen,0.14285714285714285
's Hertogenbosch.,s hertogenbosch,0.11764705882352941
Zevenhuizen.,zevenhuizen,0.08333333333333333
St. Oedenrode.,st. oedenrode,0.07142857142857142
Loosduinen.,loosduinen,0.09090909090909091
Dungen,dongen,0.16666666666666666
Helder (Vervolg),helden,0.16666666666666666
Schinnen.,schinnen,0.1111111111111111
Kedichem (Geene kom),kedichem,0.0
Egmond Binnen,egmond-binnen,0.07692307692307693
Krimpen aan den IJssel.,krimpen aan den ijssel,0.043478260869565216
Koevorden,coevorden,0.1111111111111111
Schoterland.,schoterland,0.08333333333333333
Wateringen.,wateringen,0.09090909090909091
Oosterhesselen.,oosterhesselen,0.06666666666666667
Dreischor.,dreischor,0.1
Oh√© en Laak.,ohé en laak,0.23076923076923078
Werkhoven.,werkhoven,0.1
Borkelo,boekel,0.2857142857142857
Delden (Ambt),delden,0.0
Wessem.,wessem,0.14285714285714285
Ottersum.,ottersum,0.1111111111111111
Beilen.,beilen,0.14285714285714285
Melissant.,melissant,0.1
Haren (Gron.),haren,0.0
Meppel.,meppel,0.14285714285714285
Krimpen a/d Lek,krimpen aan de lek,0.2222222222222222
Uithuistermeeden.,uithuizermeeden,0.17647058823529413
Goor.,goor,0.2
Standaarbuiten.,standdaarbuiten,0.13333333333333333
Tegelen.,tegelen,0.125
Aagtekerke.,aagtekerke,0.09090909090909091
Beijerland (Oud-).,reiderland,0.2
Weerselo (Geene kom),weerselo,0.0
Soerendonk.,voerendaal,0.45454545454545453
Susteren.,susteren,0.1111111111111111
Zweelo.,zweeloo,0.14285714285714285
Haskerland (vervolg),haskerland,0.0
Batmen,bathmen,0.14285714285714285
Eijgelshoven.,eijgelshoven,0.07692307692307693
Nederweert.,nederweert,0.09090909090909091
Wijmbritseradeel,wymbritseradeel,0.125
Koog a/d Zaan.,koog aan de zaan,0.3125
Ommen (Ambt).,ommen,0.0
Oud-Vosmeer,oud-vossemeer,0.15384615384615385
Hilversum.,hilversum,0.1
Strucht.,strucht,0.125
Heijthuijsen,heythuysen,0.3333333333333333
IJsselstein.,ijsselstein,0.08333333333333333
Menaldumadeel.,menaldumadeel,0.07142857142857142
Doorwerth.,doorwerth,0.1
Fort Bath en Bath.,rilland en bath,0.4444444444444444
Oudendijk.,oudendijk,0.1
Stein.,stein,0.16666666666666666
's Gravemoer.,s gravemoer,0.15384615384615385
Jabeek.,jabeek,0.14285714285714285
Zijpe.,zijpe,0.16666666666666666
Loon op Zand.,loon op zand,0.07692307692307693
Stedum.,stedum,0.14285714285714285
Waddinxveen (Noord-),waddinxveen,0.0
Berkenwoude.,berkenwoude,0.08333333333333333
Bommel (den).,bemmel,0.16666666666666666
Berkel en Rodenrijs.,berkel en rodenrijs,0.05
Hedikhuizen.,hedikhuizen,0.08333333333333333
Olst.,olst,0.2
Buggenum.,buggenum,0.1111111111111111
Zwartsluis.,zwartsluis,0.09090909090909091
Hoogwoud.,hoogwoud,0.1111111111111111
Baarland.,baarland,0.1111111111111111
Nieuwvosmeer,nieuw-vosmeer,0.07692307692307693
St. Laurens.,sint laurens,0.3333333333333333
Apeldoorn.,apeldoorn,0.1
Kortenhoef.,kortenhoef,0.09090909090909091
Baarderadeel.,baarderadeel,0.07692307692307693
Waspik.,waspik,0.14285714285714285
Nederhorstdenberg,nederhorst den berg,0.10526315789473684
Tietjerksteradeel.,tietjerksteradeel,0.05555555555555555
Heinkenszand.,heinkenszand,0.07692307692307693
Zuid-Scharwoude.,zuid-scharwoude,0.0625
Poortvliet.,poortvliet,0.09090909090909091
Maasbracht.,maasbracht,0.09090909090909091
Beijerland (Nieuw-).,reiderland,0.2
Diever.,diever,0.14285714285714285
Wijnandsrade.,wijnandsrade,0.07692307692307693
Emmen.,emmen,0.16666666666666666
Terschelling.,terschelling,0.07692307692307693
West-Dongeradeel.,westdongeradeel,0.11764705882352941
Brummen.,brummen,0.125
Bommenede.,bommenede,0.1
Sluis.,sluis,0.16666666666666666
Maashees en Overloon.,maashees en overloon,0.047619047619047616
Linne.,linne,0.16666666666666666
Bellingewolde,bellingwolde,0.07692307692307693
Zuid- en Noordschermer,zuid- en noord-schermer,0.043478260869565216
Hummelo en Keppel.,hummelo en keppel,0.05555555555555555
Leens.,leens,0.16666666666666666
Bodegraven.,bodegraven,0.09090909090909091
Neeritter.,neeritter,0.1
Oostvoorne.,oostvoorne,0.09090909090909091
Beek en Donk.,beek en donk,0.07692307692307693
Limburg.,rimburg,0.25
Borkel en Schaft.,borkel en schaft,0.058823529411764705
Stad-Almelo,stad almelo,0.09090909090909091
Herwijnen.,herwijnen,0.1
Schin op Geulle.,schin op geul,0.1875
Watergraafsmeer.,watergraafsmeer,0.0625
Heteren.,heteren,0.125
Nibbikswoud,nibbixwoud,0.18181818181818182
Chaam.,chaam,0.16666666666666666
Grijpskerke.,grijpskerke,0.08333333333333333
Angerlo (Geene kom),angerlo,0.0
Heijthuijsen.,heythuysen,0.38461538461538464
Langeruigeweide.,lange ruige weide,0.17647058823529413
Zuidzande.,zuidzande,0.1
Heesbeen,geesteren,0.3333333333333333
Heer Hugowaard.,heerhugowaard,0.13333333333333333
Clinge.,clinge,0.14285714285714285
's Heerenhoek.,'s-heerenhoek,0.14285714285714285
"Vessem, Wintelre en Knegsel.","vessem, wintelre en knegsel",0.03571428571428571
Sommelsdijk.,sommelsdijk,0.08333333333333333
Wormerveer.,wormerveer,0.09090909090909091
Steenderen.,steenderen,0.09090909090909091
Serooskerke (Walcheren).,meliskerke,0.36363636363636365
Herkingen.,herkingen,0.1
Ameide.,ameide,0.14285714285714285
Alblas (Oud-).,oud-alblas,0.4
Ensched√©,enschede,0.2222222222222222
Delfzijl.,delfzijl,0.1111111111111111
Pernis.,pernis,0.14285714285714285
Capelle.,capelle,0.125
Schoondijke.,schoondijke,0.08333333333333333
Middelstum.,middelstum,0.09090909090909091
Aarlanderveen.,aarlanderveen,0.07142857142857142
Son c.a.,oijen c.a.,0.4
Vucht,vught,0.2
Stoutenburg.,stoutenburg,0.08333333333333333
Hensbroek.,hensbroek,0.1
Zwollerkarspel,zwollerkerspel,0.07142857142857142
Groede.,groede,0.14285714285714285
Duiven.,duiven,0.14285714285714285
Vollenhoven (Ambt),vollenhove,0.09090909090909091
Munstergeleen.,munstergeleen,0.07142857142857142
Koudekerke.,koudekerke,0.09090909090909091
Alkemade (Vervolg),alkemade,0.0
Schoonebeek (Geene kom),schoonebeek,0.0
Tonge (Oude).,dongen,0.3333333333333333
Stratum.,stratum,0.125
Bergen.,bergen,0.14285714285714285
Ilpendam.,ilpendam,0.1111111111111111
Angerlo.,angerlo,0.125
Westbroek.,westbroek,0.1
Heerdewaarden,heerewaarden,0.07692307692307693
St. Annaland,sint annaland,0.23076923076923078
Beegden.,beegden,0.125
Ruwiel.,ruwiel,0.14285714285714285
Best.,best,0.2
Tienhoven.,tienhoven,0.1
Texel.,texel,0.16666666666666666
Helmond.,helmond,0.125
Teteringen.,teteringen,0.09090909090909091
Ovezande.,ovezande,0.1111111111111111
Weerd,weert,0.2
Warnsveld. (Vervolg),warnsveld,0.1
Leerbroek (Geene kom),leerbroek,0.0
Kerkwijk.,kerkwijk,0.1111111111111111
Kantens.,kantens,0.125
Buiksloot.,buiksloot,0.1
Megen.,megen,0.16666666666666666
Beverwijk.,beverwijk,0.1
Bunnik.,bunnik,0.14285714285714285
Havelte (Geene kom),havelte,0.0
West-Stellingwerf.,weststellingwerf,0.1111111111111111
Heerde.,heerde,0.14285714285714285
Utingeradeel.,utingeradeel,0.07692307692307693
Bloemendaal.,bloemendaal,0.08333333333333333
Gieten.,gieten,0.14285714285714285
Tonge (Nieuwe).,dongen,0.3333333333333333
Poortugal,poortugaal,0.1
Waddinxveen (Noord-).,waddinxveen,0.0
Baarn.,baarn,0.16666666666666666
Horst.,horst,0.16666666666666666
Heenvliet.,heenvliet,0.1
Deursen,deurne,0.2857142857142857
Lopik.,lopik,0.16666666666666666
Renswoude.,renswoude,0.1
Neer.,neer,0.2
Krimpen aan de Lek.,krimpen aan de lek,0.05263157894736842
Lekkerland (Nieuw-),lemsterland,0.2727272727272727
Ferwerderadeel.,ferwerderadeel,0.06666666666666667
Vledder.,vledder,0.125
Oijen en Teeffelen.,oijen en teeffelen,0.05263157894736842
Witten,wittem,0.16666666666666666
Schoten.,schoten,0.125
Warmenhuizen.,warmenhuizen,0.07692307692307693
Oud Valkenburg,oud-valkenburg,0.07142857142857142
Nieuwerkerk.,nieuwerkerk,0.08333333333333333
Charlois.,charlois,0.1111111111111111
Urk.,urk,0.25
Urmond.,urmond,0.14285714285714285
Oost-Stellingwerf.,ooststellingwerf,0.1111111111111111
Harmelen (vervolg),harmelen,0.0
Batenburg.,batenburg,0.1
Wehl.,wehl,0.2
Barradeel.,barradeel,0.1
Dwingelo.,dwingeloo,0.1111111111111111
Wedde.,wedde,0.16666666666666666
Kapelle a/d IJsel,capelle aan den ijssel,0.3181818181818182
Odili√´nberg.,sint odiliënberg,0.5
Haps.,haps,0.2
Meliskerke.,meliskerke,0.09090909090909091
Amstenrade.,amstenrade,0.09090909090909091
Berg,bergh,0.2
Vlaardingen.,vlaardingen,0.08333333333333333
's Hertogenbosch,s hertogenbosch,0.0625
Hilligersberg,hillegersberg,0.07692307692307693
Nijeveen.,nijeveen,0.1111111111111111
Doetinchem (Ambt-) (Geene kom),doetinchem,0.0
Losser.,losser,0.14285714285714285
Eemnes.,eemnes,0.14285714285714285
Appeltern.,appeltern,0.1
Alblasserdam.,alblasserdam,0.07692307692307693
Varik.,varik,0.16666666666666666
Hoogeloon,hoogeveen,0.3333333333333333
Alphen en Riel.,alphen en riel,0.06666666666666667
Franeker.,franeker,0.1111111111111111
Hedel.,hedel,0.16666666666666666
Werkendam.,werkendam,0.1
Lithoijen.,lithoijen,0.1
Oisterwijk.,oisterwijk,0.09090909090909091
Ruurlo.,ruurlo,0.14285714285714285
Bergeik,bergeijk,0.125
Goirle.,goirle,0.14285714285714285
Kats.,kats,0.2
Marum (Geene kom),marum,0.0
Beemster.,beemster,0.1111111111111111
Gendringen.,gendringen,0.09090909090909091
Hei- en Boeicop.,hei- en boeicop,0.0625
Obbicht en Papenhoven.,obbicht en papenhoven,0.045454545454545456
Lochem.,lochem,0.14285714285714285
Slenaken.,slenaken,0.1111111111111111
Zandvoort.,zandvoort,0.1
Pijnacker.,pijnacker,0.1
Haskerland.,haskerland,0.09090909090909091
Hulsberg.,hulsberg,0.1111111111111111
Hooge-Mierde c.a.,made c.a.,0.5294117647058824
Rosendaal c.a.,rosendaal,0.35714285714285715
Anlo,anloo,0.2
Poortugaal.,poortugaal,0.09090909090909091
Ezinge.,ezinge,0.14285714285714285
Schimmert.,schimmert,0.1
Ophemert.,ophemert,0.1111111111111111
Alphen.,alphen,0.14285714285714285
Zevenhoven.,zevenhoven,0.09090909090909091
Dommelen.,dommelen,0.1111111111111111
Opperdoes.,opperdoes,0.1
Broeksittard.,broeksittard,0.07692307692307693
Aalten.,aalten,0.14285714285714285
Langbroek.,langbroek,0.1
Berg en Terbijt,berg en terblijt,0.0625
Almelo (Ambt).,almelo,0.0
Moergestel.,moergestel,0.09090909090909091
Vlierden.,vlierden,0.1111111111111111
Kuilenburg,culenborg,0.3
Bladel c.a.,bakel c.a.,0.18181818181818182
Borculo.,borculo,0.125
St. Philipsland,sint philipsland,0.1875
Loenersloot.,loenersloot,0.08333333333333333
St. Anna ter Muiden,sint anna ter muiden,0.15
Heilo,heiloo,0.16666666666666666
Balgoij.,balgoij,0.125
Gouda.,gouda,0.16666666666666666
Ambt-Delden (Geen kom),ambt delden,0.09090909090909091
Enschede.,enschede,0.1111111111111111
Ooltgensplaat.,ooltgensplaat,0.07142857142857142
Ubbergen.,ubbergen,0.1111111111111111
Badel,bladel,0.16666666666666666
Ridderkerk.,ridderkerk,0.09090909090909091
Lonneker.,lonneker,0.1111111111111111
Broekhuijsen.,broekhuijsen,0.07692307692307693
Grootebroek.,grootebroek,0.08333333333333333
Almkerk en Uitwijk.,empel en meerwijk,0.5263157894736842
Bielswijk,bleiswijk,0.2222222222222222
Kerkrade.,kerkrade,0.1111111111111111
Enkhuizen.,enkhuizen,0.1
Rockanje (Geene kom),rockanje,0.0
Biervliet (Vervolg),biervliet,0.0
Willige-Langerak (Geene kom),willige langerak,0.0625
Cromvoirt.,cromvoirt,0.1
Ossenisse.,ossenisse,0.1
Akersloot.,akersloot,0.1
Gilze c.a.,mill c.a.,0.3
Abcoude Baambrugge.,abcoude-baambrugge,0.10526315789473684
Maurik.,maurik,0.14285714285714285
Wadenoijen (Geene kom),wadenoijen,0.0
Nuland.,nuland,0.14285714285714285
Diepenheim.,diepenheim,0.09090909090909091
Aarle Rixtel.,aarle-rixtel,0.15384615384615385
Schipluiden.,schipluiden,0.08333333333333333
Weert.,weert,0.16666666666666666
Nieuwveen.,nieuwveen,0.1
Vrijhoeve-Cappelle,vrijhoeve-capelle,0.05555555555555555
Bergeijk.,bergeijk,0.1111111111111111
Leijderdorp.,leiderdorp,0.16666666666666666
Heilo.,heiloo,0.16666666666666666
Huibergen,huijbergen,0.1
Usquert.,usquert,0.125
Hennaarderadeel.,hennaarderadeel,0.0625
Vlagtwedde.,vlagtwedde,0.09090909090909091
Nieuw- en St. Joostland,nieuw- en sint joosland,0.17391304347826086
Zuidbroek.,zuidbroek,0.1
Epe.,epe,0.25
Beugen,bergen,0.16666666666666666
Zuid- en Noordschermer.,zuid- en noord-schermer,0.08695652173913043
Luiksgestel,luijksgestel,0.08333333333333333
s Heer Abtskerke,'s-heer abtskerke,0.11764705882352941
Hoogeveen.,hoogeveen,0.1
St. Pieter.,sint pieter,0.36363636363636365
's Heer-Abtskerke.,'s-heer abtskerke,0.16666666666666666
Rheden.,rheden,0.14285714285714285
Geul,geulle,0.3333333333333333
Wijngaarden.,wijngaarden,0.08333333333333333
Dreumel (Geene kom),dreumel,0.0
Bakel en Milheeze.,bakel en milheeze,0.05555555555555555
Herkenbosch en Melick.,herwen en aerdt,0.5454545454545454
IJerseke,yerseke,0.25
Zutphen.,zutphen,0.125
Nijkerk.,nijkerk,0.125
Lienden.,lienden,0.125
Colijnsplaat.,colijnsplaat,0.07692307692307693
Rijp.,zijpe,0.4
Ambij,amby,0.4
Mathenes (Oud- en Nieuw-).,mheer,0.5
Vlieland.,vlieland,0.1111111111111111
Sappemeer.,sappemeer,0.1
Oud-Valkenburg.,oud-valkenburg,0.06666666666666667
Ferwerderadeel (Vervolg),ferwerderadeel,0.0
het Rijk.,de wijk,0.4444444444444444
Ruephen c.a.,nuenen c.a.,0.25
Oldemarkt.,oldemarkt,0.1
Moercapelle,moerkapelle,0.09090909090909091
Empel c.a.,gestel c.a.,0.2727272727272727
Echteld.,echteld,0.125
Spanbroek.,spanbroek,0.1
Linden.,linden,0.14285714285714285
Huissen.,huissen,0.125
Retranchement.,retranchement,0.07142857142857142
Helvoet (Nieuw).,helvoirt,0.25
Duivendijke (Geene kom),duivendijke,0.0
Baexum,baexem,0.16666666666666666
St. Philipsland.,sint philipsland,0.25
s Gravenpolder,'s-gravenpolder,0.13333333333333333
Strijp.,strijp,0.14285714285714285
Klundert.,klundert,0.1111111111111111
Oterleek.,oterleek,0.1111111111111111
Giessendam.,giessendam,0.09090909090909091
Berchem.,berghem,0.25
Asten.,asten,0.16666666666666666
Ten Boer.,ten boer,0.1111111111111111
Buurmalsen (Geene kom),buurmalsen,0.0
Schiermonnikoog.,schiermonnikoog,0.0625
Middelburg (Vervolg),middelburg,0.0
Bergambacht.,bergambacht,0.08333333333333333
Hoevelaken.,hoevelaken,0.09090909090909091
Nunhem.,nunhem,0.14285714285714285
Dalfsen.,dalfsen,0.125
Ewijk.,ewijk,0.16666666666666666
Herpen.,herpen,0.14285714285714285
Stoppeldijk.,stoppeldijk,0.08333333333333333
Rosmalen.,rosmalen,0.1111111111111111
Noord-Scharwoude.,noord-scharwoude,0.058823529411764705
Ede (Geld.),ede,0.0
Swalmen.,swalmen,0.125
"Oostelbeers, Westelbeers en Middelbeers.","oost-, west- en middelbeers",0.375
Alkmaar.,alkmaar,0.125
Zaandijk.,zaandijk,0.1111111111111111
Oud-Vossemeer.,oud-vossemeer,0.07142857142857142
Cadsand.,cadzand,0.25
Heukelom.,heukelum,0.2222222222222222
Sevenum.,sevenum,0.125
Beusichem.,beusichem,0.1
Beuningen (Geene kom),beuningen,0.0
Hontenisse.,hontenisse,0.09090909090909091
Hoogkarspel.,hoogkarspel,0.08333333333333333
Overasselt.,overasselt,0.09090909090909091
Duivendijke.,duivendijke,0.08333333333333333
Pancras (St.).,sint pancras,0.4166666666666667
Zegwaart.,zegwaart,0.1111111111111111
Poederoijen.,poederoijen,0.08333333333333333
Venraij.,venray,0.375
Halsteren.,halsteren,0.1
Ellemeet.,ellemeet,0.1111111111111111
Twisk.,twisk,0.16666666666666666
Weerselo.,weerselo,0.1111111111111111
Wanssum.,wanssum,0.125
Duizel en Steensel (geene kom),duizel en steensel,0.0
Sambeek.,sambeek,0.125
Friesland.,biesland,0.3
Oosthuizen.,oosthuizen,0.09090909090909091
Ginneken,genderen,0.375
Drongelen.,drongelen,0.1
Helvoirt.,helvoirt,0.1111111111111111
Sliedrecht.,sliedrecht,0.09090909090909091
Delden (Ambt).,delden,0.0
Spijkenisse.,spijkenisse,0.08333333333333333
Roosteren.,roosteren,0.1
Leimuiden.,leimuiden,0.1
Cortgene,kortgene,0.125
Drenthe.,dronten,0.375
Dodewaard (Geene kom),dodewaard,0.0
Nuth.,nuth,0.2
Doesburg.,doesburg,0.1111111111111111
√Üngwirden,aengwirden,0.2
Sittard.,sittard,0.125
Nieuwkoop.,nieuwkoop,0.1
Delft.,delft,0.16666666666666666
Schiedam.,schiedam,0.1111111111111111
Coevorden.,coevorden,0.1
"Abcoude, Proostdij en Aasdom.",abcoude-proostdij,0.4482758620689655
Empel,tempel,0.16666666666666666
IJzendoorn (Geene kom),ijzendoorn,0.0
Ouddorp.,ouddorp,0.125
Ambt-Vollenhove,ambt vollenhove,0.06666666666666667
Wijk (de),ewijk,0.2
Loosdrecht.,loosdrecht,0.09090909090909091
Aar (ter).,maarn,0.4
Simpelveld.,simpelveld,0.09090909090909091
Doetichem,doetinchem,0.1
"Berkel, Enschot en Huyclom.",berkel-enschot,0.5185185185185185
Deil.,deil,0.2
Boxtel.,boxtel,0.14285714285714285
Wamel.,wamel,0.16666666666666666
Sprang.,sprang,0.14285714285714285
Krabbendijke.,krabbendijke,0.07692307692307693
Stad aan 't Haringvliet.,stad aan 't haringvliet,0.041666666666666664
Tholen.,tholen,0.14285714285714285
Bildt (De),biert,0.4
Duizel,huizen,0.3333333333333333
Gronsfeld.,gronsfeld,0.1
Havelte.,havelte,0.125
Zoetermeer.,zoetermeer,0.09090909090909091
Callantsoog.,callantsoog,0.08333333333333333
Scherpenisse.,scherpenisse,0.07692307692307693
Westervoort.,westervoort,0.08333333333333333
Zaandam.,zaandam,0.125
Raamsdonk.,raamsdonk,0.1
Schelluinen.,schelluinen,0.08333333333333333
Zwijndrecht.,zwijndrecht,0.08333333333333333
Woubrugge.,woubrugge,0.1
Almelo (Stad),almelo,0.0
Kamperveen (Geene kom),kamperveen,0.0
Laagnieuwkoop.,laag-nieuwkoop,0.14285714285714285
Bovenkarspel.,bovenkarspel,0.07692307692307693
Rijp (De),strijp,0.3333333333333333
Hoogezand.,hoogezand,0.1
Wervershoof.,wervershoof,0.08333333333333333
Oudepekela.,oude pekela,0.18181818181818182
Rilland en Maire.,rilland en bath,0.29411764705882354
Snelrewaard.,snelrewaard,0.08333333333333333
Buren.,buren,0.16666666666666666
Noorddijk.,noorddijk,0.1
Bemmel.,bemmel,0.14285714285714285
Andijk.,andijk,0.14285714285714285
's Gravendeel,'s-gravendeel,0.07692307692307693
Zoelen.,zoelen,0.14285714285714285
Heesch.,heesch,0.14285714285714285
Wassenaar.,wassenaar,0.1
Rukfen c.a.,nuenen c.a.,0.2727272727272727
Vlijmen.,vlijmen,0.125
Hoeven en St. Maartenspolder.,sint maartensdijk,0.5862068965517241
Ouderijn,oudenrijn,0.1111111111111111
Goedereede.,goedereede,0.09090909090909091
Goudswaard.,goudswaard,0.09090909090909091
Vught.,vught,0.16666666666666666
Kamerik.,kamerik,0.125
Lekkerland (Nieuw.).,lemsterland,0.2727272727272727
't Zandt.,'t zandt,0.1111111111111111
Nederhemert.,nederhemert,0.08333333333333333
Beugen c.a.,megen c.a.,0.18181818181818182
Raalte.,raalte,0.14285714285714285
Edam.,edam,0.2
Zes Gehuchten.,zesgehuchten,0.14285714285714285
Barsingerhorn.,barsingerhorn,0.07142857142857142
Houten.,houten,0.14285714285714285
Aar (Ter),maarn,0.4
Oegstgeest.,oegstgeest,0.09090909090909091
Rosendaal en Nispen.,roosendaal en nispen,0.1
Denekamp.,denekamp,0.1111111111111111
"Hemelumer, Oldephaert en Noordwolde.",hemelumer oldephaert en noordwolde,0.05555555555555555
Harenkarspel.,harenkarspel,0.07692307692307693
Meeuwen c.a.,megen c.a.,0.25
Uitgeest.,uitgeest,0.1111111111111111
Numansdorp.,numansdorp,0.09090909090909091
Noordwijkerhout.,noordwijkerhout,0.0625
Medemblik.,medemblik,0.1
Aalst.,aalst,0.16666666666666666
"Alem, Maren en Kessel.","alem, maren en kessel",0.045454545454545456
Hoorn.,hoorn,0.16666666666666666
Alblas- (Oud),oud-alblas,0.5
Delfshaven.,delfshaven,0.09090909090909091
Aalsmeer.,aalsmeer,0.1111111111111111
's Graveland,'s-graveland,0.08333333333333333
Ruinen.,ruinen,0.14285714285714285
Hoofdplaat.,hoofdplaat,0.09090909090909091
Weel,wehl,0.25
de Wijk.,de wijk,0.125
Menaldumadeel Vervolg,menaldumadeel,0.38095238095238093
Vessem c.a. (Geene kom),gestel c.a.,0.2727272727272727
Borgharen.,borgharen,0.1
Abcoude Proostdij,abcoude-proostdij,0.058823529411764705
Princenhage.,princenhage,0.08333333333333333
Vessem c.a.,gestel c.a.,0.2727272727272727
Meerlo.,meerlo,0.14285714285714285
Stiphout.,stiphout,0.1111111111111111
Uithoorn.,uithoorn,0.1111111111111111
Benthuizen.,benthuizen,0.09090909090909091
Schin op Geulle,schin op geul,0.13333333333333333
Wijdenes.,wijdenes,0.1111111111111111
Wemeldinge.,wemeldinge,0.09090909090909091
Made en Drimmelen.,made en drimmelen,0.05555555555555555
Barwoutswaarder (Geene kom),barwoutswaarder,0.0
Echt.,echt,0.2
Waalre.,waalre,0.14285714285714285
Alblas (Oud-),oud-alblas,0.4
Zuidwolde.,zuidwolde,0.1
Ophemert (Geene kom),ophemert,0.0
Laagnieuwkoop,laag-nieuwkoop,0.07142857142857142
Lisse.,lisse,0.16666666666666666
Marken.,marken,0.14285714285714285
Katwijk.,katwijk,0.125
's Gravenpolder.,'s-gravenpolder,0.125
Koedijk.,koedijk,0.125
Wonseradeel (Vervolg),wonseradeel,0.0
Koewacht.,koewacht,0.1111111111111111
Wieringen.,wieringen,0.1
Bruinisse.,bruinisse,0.1
Weesperkarspel.,weesperkarspel,0.06666666666666667
Rolde.,rolde,0.16666666666666666
Oosterhout.,oosterhout,0.09090909090909091
Hardenberg (Stad).,hardenberg,0.0
Gorssel.,gorssel,0.125
Willeskop (Geene kom),willeskop,0.0
Mook,hoek,0.5
's Gravenmoer,'s-gravenmoer,0.07692307692307693
s Gravenhage,'s-gravenhage,0.15384615384615385
Zuijlen,zuilen,0.14285714285714285
Tonge (Oude-),dongen,0.3333333333333333
Westerhoven.,westerhoven,0.08333333333333333
Valburg.,valburg,0.125
Waarder.,waarder,0.125
Vlist.,vlist,0.16666666666666666
Kruiningen.,kruiningen,0.09090909090909091
Strijen.,strijen,0.125
Zwartewaal.,zwartewaal,0.09090909090909091
Ellewoutsdijk.,ellewoutsdijk,0.07142857142857142
"Dieden, Demen en Langel.","dieden, demen en langel",0.041666666666666664
Westbroek (Geene kom),westbroek,0.0
Idaarderadeel.,idaarderadeel,0.07142857142857142
Posthoek.,polsbroek,0.4444444444444444
Zalk,balk,0.25
Biggekerke.,biggekerke,0.09090909090909091
Breukelen-St. Pieters,breukelen-sint pieters,0.13636363636363635
Someren.,someren,0.125
Nisse.,nisse,0.16666666666666666
Vollenhove (Ambt).,vollenhove,0.0
Graft.,graft,0.16666666666666666
Oss.,oss,0.25
Schiebroek (Geene kom),schiebroek,0.0
Breukelen Nijenrode.,breukelen-nijenrode,0.1
Rucphen c.a.,nuenen c.a.,0.3333333333333333
Groot-Ammers.,groot-ammers,0.07692307692307693
Finsterwolde.,finsterwolde,0.07692307692307693
Oud Vosmeer,oud-vossemeer,0.23076923076923078
Veldhoven en Meereveldhoven.,veldhoven en meerveldhoven,0.07142857142857142
Waardenburg.,waardenburg,0.08333333333333333
's Gravendeel.,'s-gravendeel,0.14285714285714285
Philippine.,philippine,0.09090909090909091
Noorbeek.,noorbeek,0.1111111111111111
Rijsen,rijssen,0.14285714285714285
Rhijnsburg.,rhijnsburg,0.09090909090909091
Deursen en Dennenburg.,deursen en dennenburg,0.045454545454545456
Raasdorp.,ransdorp,0.2222222222222222
Winsum.,winsum,0.14285714285714285
Snelrewaard (Geene kom),snelrewaard,0.0
Tubbergen.,tubbergen,0.1
label_clean,haelen,0.5454545454545454
Odoorn.,odoorn,0.14285714285714285
Lichtenvoorde.,lichtenvoorde,0.07142857142857142
Voorburg.,voorburg,0.1111111111111111
Vollenhove (Stad).,vollenhove,0.0
Stavenisse.,stavenisse,0.09090909090909091
Goudriaan.,goudriaan,0.1
Reeuwijk.,reeuwijk,0.1111111111111111
Ambt-Hardenberg (Geene kom),ambt hardenberg,0.06666666666666667
Hardenberg (Ambt).,hardenberg,0.0
de Bilt.,de bilt,0.125
Rossum.,rossum,0.14285714285714285
Uithuizen.,uithuizen,0.1
Stramproij,stramproy,0.2
Kuik en St. Agatha,cuijk en sint agatha,0.25
Oude-Pekela,oude pekela,0.09090909090909091
Beesd.,beesd,0.16666666666666666
Hattem.,hattem,0.14285714285714285
IJlst.,ijlst,0.16666666666666666
Geervliet.,geervliet,0.1
Stad-Vollenhove,stad vollenhove,0.06666666666666667
Zwammerdam.,zwammerdam,0.09090909090909091
's Gravenpolder,'s-gravenpolder,0.06666666666666667
Barsingerhorn (Vervolg),barsingerhorn,0.0
Wouw.,wouw,0.2
Borger.,borger,0.14285714285714285
Dordrecht.,dordrecht,0.1
Belfeld.,belfeld,0.125
Oldenzaal.,oldenzaal,0.1
Beijerland (Zuid-),reiderland,0.2
Aar (Ter) (Geene kom),maarn,0.4
Rhenen.,rhenen,0.14285714285714285
Willige Langerak.,willige langerak,0.058823529411764705
Putten.,putten,0.14285714285714285
Lekkerland (Nieuw),lemsterland,0.2727272727272727
Zevenbergen.,zevenbergen,0.08333333333333333
Nieuwe Schans.,nieuweschans,0.14285714285714285
Ohe en Laak.,ohé en laak,0.16666666666666666
Nieuwe Schans,nieuweschans,0.07692307692307693
Nieuw- en St. Joosland,nieuw- en sint joosland,0.13043478260869565
Gameren.,gameren,0.125
Zaamslag.,zaamslag,0.1111111111111111
Baflo.,baflo,0.16666666666666666
Wijk bij Duurstede.,wijk bij duurstede,0.05263157894736842
Hoog Blokland,hoogblokland,0.07692307692307693
Hoedekenskerke.,hoedekenskerke,0.06666666666666667
Vriesenveen.,vriezenveen,0.16666666666666666
Doetinchem (Ambt).,doetinchem,0.0
Liempde.,liempde,0.125
Westzaan.,westzaan,0.1111111111111111
Hoogkerk.,hoogkerk,0.1111111111111111
Smilde.,smilde,0.14285714285714285
Cuijk en St. Agatha.,cuijk en sint agatha,0.2
Heino (Vervolg),heino,0.0
Steenwijkerwold.,steenwijkerwold,0.0625
Leusden.,leusden,0.125
Krommenie.,krommenie,0.1
Beerta.,beerta,0.14285714285714285
Dinxperlo.,dinxperlo,0.1
Kessel.,kessel,0.14285714285714285
Midwolde.,midwolda,0.2222222222222222
Reden,rheden,0.16666666666666666
Ottoland.,ottoland,0.1111111111111111
Heel en Panheel.,heel en panheel,0.0625
Breukelen St. Pieters,breukelen-sint pieters,0.18181818181818182
Vrijenban.,vrijenban,0.1
Puttershoek.,puttershoek,0.08333333333333333
Woudrichem.,woudrichem,0.09090909090909091
Oude Niedorp.,oude niedorp,0.07692307692307693
Maarn.,maarn,0.16666666666666666
Almelo (Ambt),almelo,0.0
Stad-Ommen,stad ommen,0.1
Rozenburg.,rozenburg,0.1
Nieuwe-Pekela,nieuwe pekela,0.07692307692307693
Naarden.,naarden,0.125
Eelde.,eelde,0.16666666666666666
Maartensdijk.,maartensdijk,0.07692307692307693
Opmeer.,opmeer,0.14285714285714285
Luijksgestel.,luijksgestel,0.07692307692307693
Driewegen.,driewegen,0.1
Sijbekarspel.,sijbekarspel,0.07692307692307693
Muiden.,muiden,0.14285714285714285
IJzendoorn.,ijzendoorn,0.09090909090909091
Oudheusden en Elshout.,oudheusden,0.5454545454545454
Molenaarsgraaf.,molenaarsgraaf,0.06666666666666667
Heino.,heino,0.16666666666666666
Kollumerland,wormerland,0.3333333333333333
Vrouwepolder,vrouwenpolder,0.07692307692307693
IJerseke.,yerseke,0.3333333333333333
Haren.,haren,0.16666666666666666
Amersfoort.,amersfoort,0.09090909090909091
Lith.,lith,0.2
Wijhe.,wijhe,0.16666666666666666
Nieuwstad,nieuwstadt,0.1
Nut,nuth,0.25
Berkhout.,berkhout,0.1111111111111111
Westdorpe.,westdorpe,0.1
Uden.,uden,0.2
Monster.,monster,0.125
Baarle-Nassau.,baarle-nassau,0.07142857142857142
Oudorp.,oudorp,0.14285714285714285
Ham (den).,chaam,0.4
's Gravezande.,'s-gravenzande,0.21428571428571427
Leek.,leek,0.2
Arnhem.,arnhem,0.14285714285714285
Zuidlaren.,zuidlaren,0.1
Eede.,eede,0.2
s Heerenhoek,'s-heerenhoek,0.15384615384615385
's Heer Abtskerke,'s-heer abtskerke,0.058823529411764705
Waddinxveen (Zuid-).,waddinxveen,0.0
Laren.,laren,0.16666666666666666
"Rucphen, Sprundel en Vorenseinde.","nuenen, gerwen en nederwetten",0.5757575757575758
Barwoutswaarder.,barwoutswaarder,0.0625
Genemuiden.,genemuiden,0.09090909090909091
Sloten.,sloten,0.14285714285714285
Heeswijk.,heeswijk,0.1111111111111111
Bunschoten.,bunschoten,0.09090909090909091
Anlo.,anloo,0.2
Adorp.,adorp,0.16666666666666666
Ginneken en Bavel.,ginneken en bavel,0.05555555555555555
Haamstede.,haamstede,0.1
"Nuenen, Gerwen en Nederwetten.","nuenen, gerwen en nederwetten",0.03333333333333333
Spaubeek.,spaubeek,0.1111111111111111
Kollumerland c.a.,oijen c.a.,0.5294117647058824
Purmerende.,purmerend,0.18181818181818182
Wildervank.,wildervank,0.09090909090909091
Rauwerderhem (Vervolg),rauwerderhem,0.0
Hengelo (Over.),hengelo,0.0
Zuidhorn.,zuidhorn,0.1111111111111111
Tilburg.,tilburg,0.125
Pieter (ST). (Geen kom),diever,0.3333333333333333
Piershil.,piershil,0.1111111111111111
Doetinchem (Stad-),doetinchem,0.0
Alkemade.,alkemade,0.1111111111111111
Horssen.,horssen,0.125
Klaaswaal.,klaaswaal,0.1
St. Michielsgestel.,st. michiels-gestel,0.10526315789473684
Nieuwland.,nieuwland,0.1
IJsselmonde.,ijsselmonde,0.08333333333333333
Noordwelle.,noordwelle,0.09090909090909091
Nieuwleusen (Geene kom),nieuwleusen,0.0
Katendrecht.,katendrecht,0.08333333333333333
Maassluis.,maassluis,0.1
Groenlo.,groenlo,0.125
Neederweert,nederweert,0.09090909090909091
St. Laurens,sint laurens,0.25
Vlaardinger Ambacht.,vlaardinger-ambacht,0.1
Schaesberg.,schaesberg,0.09090909090909091
Bokhoven.,bokhoven,0.1111111111111111
Hoog-Blokland.,hoogblokland,0.14285714285714285
's Gravenhage.,'s-gravenhage,0.14285714285714285
Bellingewolde.,bellingwolde,0.14285714285714285
Brouwershaven.,brouwershaven,0.07142857142857142
Krimpen a/d IJssel,krimpen aan den ijssel,0.22727272727272727
Westwoud.,westwoud,0.1111111111111111
Maarheeze.,maarheeze,0.1
Lieshout.,lieshout,0.1111111111111111
Staveren.,staveren,0.1111111111111111
Rosendaal.,rosendaal,0.1
Heerjansdam.,heerjansdam,0.08333333333333333
St. Maartensdijk,sint maartensdijk,0.17647058823529413
Ommen (Stad),ommen,0.0
Vierpolders (Geene kom),vierpolders,0.0
Velzen.,velzen,0.14285714285714285
Ootmarsum.,ootmarsum,0.1
Hekelingen.,hekelingen,0.09090909090909091
Hasselt.,hasselt,0.125
Huiseling,duiveland,0.4444444444444444
Elsloo.,elsloo,0.14285714285714285
Schijndel.,schijndel,0.1
Zalk en Veecaten.,zalk en veecaten,0.058823529411764705
Zwollerkerspel (Geene kom),zwollerkerspel,0.0
Sneek.,sneek,0.16666666666666666
Hellevoetsluis.,hellevoetsluis,0.06666666666666667
Vollenhove (Ambt),vollenhove,0.0
Grave.,grave,0.16666666666666666
Vlaardingerambacht,vlaardinger-ambacht,0.05263157894736842
Arnemuiden.,arnemuiden,0.09090909090909091
Blokker.,blokker,0.125
Giessen Nieuwkerk.,giessen-nieuwkerk,0.1111111111111111
Giessen.,giessen,0.125
Son.,sonnega,0.5714285714285714
Delden (Stad).,delden,0.0
Nieuwerkerk aan den IJssel.,nieuwerkerk aan den ijssel,0.037037037037037035
's Heer-Arendskerke.,'s-heer arendskerke,0.15
Veere.,veere,0.16666666666666666
Zuiddorpe.,zuiddorpe,0.1
Thorn.,thorn,0.16666666666666666
Nistelrode.,nistelrode,0.09090909090909091
Abbekerk.,abbekerk,0.1111111111111111
Oudenbosch.,oudenbosch,0.09090909090909091
Loppersum.,loppersum,0.1
Landsmeer.,landsmeer,0.1
Doetinchem (Ambt),doetinchem,0.0
Achterkarspelen.,achtkarspelen,0.1875
Oostkapelle.,oostkapelle,0.08333333333333333
Vianen.,vianen,0.14285714285714285
Beek.,beek,0.2
Maarsseveen.,maarsseveen,0.08333333333333333
Broek op Langedijk.,broek op langedijk,0.05263157894736842
Zevenaar.,zevenaar,0.1111111111111111
Wijk c.a.,cuijk c.a.,0.2
Egmond binnen (Vervolg),egmond-binnen,0.07692307692307693
Ouder Amstel.,ouder-amstel,0.15384615384615385
Alphen c.a.,alem c.a.,0.2727272727272727
Posterholt.,posterholt,0.09090909090909091
Maarssen.,maarssen,0.1111111111111111
Valkenswaard.,valkenswaard,0.07692307692307693
Sint Paneras,sint pancras,0.08333333333333333
Diepenveen.,diepenveen,0.09090909090909091
Voorschoten.,voorschoten,0.08333333333333333
Winterswijk.,winterswijk,0.08333333333333333
Oost- en West-Souburg.,oost- en west-souburg,0.045454545454545456
Vleuten.,vleuten,0.125
Rotterdam.,rotterdam,0.1
Brumssum,brunssum,0.125
Leersum.,leersum,0.125
Buurmalsen.,buurmalsen,0.09090909090909091
Papekop.,papekop,0.125
Borsselen,borssele,0.1111111111111111
Streefkerk.,streefkerk,0.09090909090909091
Warmond.,warmond,0.125
Geertruit (St.),sint geertruid,0.42857142857142855
Kollumerland en Nieuw-Kruisland.,kollumerland en nieuwkruisland,0.0625
Engwirden,aengwirden,0.1
Brunsum,brunssum,0.125
Almelo (Stad).,almelo,0.0
Lier (De),lierop,0.3333333333333333
Borssele.,borssele,0.1111111111111111
Katwoude.,katwoude,0.1111111111111111
Son,horn,0.5
Herkenbosch en Melick,herwen en aerdt,0.5238095238095238
Lexmond.,lexmond,0.125
Oudkarspel.,oudkarspel,0.09090909090909091
Zieriksee,zierikzee,0.1111111111111111
Roden.,roden,0.16666666666666666
Limbricht.,limbricht,0.1
Roggel.,roggel,0.14285714285714285
Ouderkerk aan den IJssel.,ouderkerk aan den ijssel,0.04
Hoornaar.,hoornaar,0.1111111111111111
Zuijlen.,zuilen,0.25
Ommen (Stad).,ommen,0.0
Groningen.,groningen,0.1
Hagestein.,hagestein,0.1
Ohe en Laak,ohé en laak,0.09090909090909091
Os,oss,0.3333333333333333
Vaals.,vaals,0.16666666666666666
Finsterwold,finsterwolde,0.08333333333333333
Gramsbergen.,gramsbergen,0.08333333333333333
Maasbree.,maasbree,0.1111111111111111
Grootegast.,grootegast,0.09090909090909091
Staphorst (Geene kom),staphorst,0.0
Maasniel.,maasniel,0.1111111111111111
Eijsden.,eijsden,0.125
Noordeloos.,noordeloos,0.09090909090909091
Nederhorst den Berg.,nederhorst den berg,0.05
Dinther.,dinther,0.125
Wolfaartsdijk,wolphaartsdijk,0.14285714285714285
Doetinchem (Stad).,doetinchem,0.0
Vrijhoeve Capel.,vrijhoeve-capelle,0.17647058823529413
Nieuwe Niedorp.,nieuwe niedorp,0.06666666666666667
's Gravenhage,'s-gravenhage,0.07692307692307693
Doetinchem (Stad),doetinchem,0.0
Hoenkoop.,hoenkoop,0.1111111111111111
Rauwerderhem.,rauwerderhem,0.07692307692307693
Bunde.,bunde,0.16666666666666666
Mierlo.,mierlo,0.14285714285714285
Hillegersberg.,hillegersberg,0.07142857142857142
St. Maarten,sint maarten,0.25
Bierum.,bierum,0.14285714285714285
Hindelopen.,hindeloopen,0.18181818181818182
Berlicum en Middelrode.,arcen en velden,0.5652173913043478
Wilnis.,wilnis,0.14285714285714285
Bennebroek.,bennebroek,0.09090909090909091
Delden (Stad),delden,0.0
Oostburg.,oostburg,0.1111111111111111
Renkum.,renkum,0.14285714285714285
Geul.,geulle,0.3333333333333333
St. Kruis,sint kruis,0.3
Koudekerk.,koudekerke,0.1
Stompwijk.,stompwijk,0.1
Rijckholt.,rijckholt,0.1
Blankenham (Geene kom),blankenham,0.0
Middelie.,middelie,0.1111111111111111
Blaricum.,blaricum,0.1111111111111111
Duiven (Geene kom),duiven,0.0
Warnsveld.,warnsveld,0.1
Lekkerland (Nieuw-) (Geene kom),lemsterland,0.2727272727272727
Loosdrecht (Geene kom),loosdrecht,0.0
Breskens.,breskens,0.1111111111111111
Weesp.,weesp,0.16666666666666666
Kwadijk.,kwadijk,0.125
Beuningen.,beuningen,0.1
Nigtevecht.,nigtevecht,0.09090909090909091
's Gravesande,s gravesande,0.07692307692307693
Oud-Vroenhoven.,oud-vroenhoven,0.06666666666666667
Westkapelle.,westkapelle,0.08333333333333333
Giethoorn.,giethoorn,0.1
Heijthuizen,hefshuizen,0.2727272727272727
Huisseling,huissen,0.3
Ouderamstel,ouder-amstel,0.08333333333333333
Nieuwkuik en Onsenoort.,nieuwe niedorp,0.5217391304347826
Schoonhoven.,schoonhoven,0.08333333333333333
Lindt (Groote),linden,0.3333333333333333
Zweelo,zweeloo,0.14285714285714285
Wadenoijen.,wadenoijen,0.09090909090909091
Oudenrhijn.,oudenrijn,0.18181818181818182
Middelburg.,middelburg,0.09090909090909091
Avenhorn.,avenhorn,0.1111111111111111
Kapelle.,kapelle,0.125
Maartensdijk (St.),maartensdijk,0.0
Reek.,reek,0.2
Waalwijk.,waalwijk,0.1111111111111111
Neede.,neede,0.16666666666666666
Obdam.,obdam,0.16666666666666666
Vlodrop.,vlodrop,0.125
Odijk.,odijk,0.16666666666666666
Boschkapelle.,boschkapelle,0.07692307692307693
Werken,wierden,0.2857142857142857
Lier (de),lierop,0.3333333333333333
Nieuwenhoorn.,nieuwenhoorn,0.07692307692307693
Marum.,marum,0.16666666666666666
Aduard.,aduard,0.14285714285714285
Wormer.,wormer,0.14285714285714285
Zontelande,zoutelande,0.1
Leende.,leende,0.14285714285714285
Schaijk.,schaijk,0.125
IJzendijke.,ijzendijke,0.09090909090909091
Elkerzee.,elkerzee,0.1111111111111111
Beugen en Rijkevoort.,beugen en rijkevoort,0.047619047619047616
Veendam.,veendam,0.125
Drunen.,drunen,0.14285714285714285
Duizel c.a.,deursen c.a.,0.3333333333333333
Heer.,heer,0.2
Wessum,wessem,0.16666666666666666
Waarde.,waarde,0.14285714285714285
Nootdorp.,nootdorp,0.1111111111111111
Herpt en Bern.,herwen en aerdt,0.4
't Bildt.,het bildt,0.3333333333333333
Zwalmen,swalmen,0.14285714285714285
Kedichem.,kedichem,0.1111111111111111
Norg.,norg,0.2
Blokzijl.,blokzijl,0.1111111111111111
Lemsterland.,lemsterland,0.08333333333333333
Driebergen.,driebergen,0.09090909090909091
Baexem.,baexem,0.14285714285714285
Kattendijke.,kattendijke,0.08333333333333333
Hurwenen.,hurwenen,0.1111111111111111
Dalen.,dalen,0.16666666666666666
Hemmen.,hemmen,0.14285714285714285
Polsbroek.,polsbroek,0.1
Haarlem.,haarlem,0.125
Arkel.,arkel,0.16666666666666666
Papendrecht.,papendrecht,0.08333333333333333
Cadier en Keer.,cadier en keer,0.06666666666666667
Loenen.,loenen,0.14285714285714285
Ambt-Almelo (Geene kom),ambt almelo,0.09090909090909091
Vries.,vries,0.16666666666666666
Millingen.,millingen,0.1
Besoijen.,besoijen,0.1111111111111111
Zijpe (De),zijpe,0.0
Venraij,venray,0.2857142857142857
Barneveld.,barneveld,0.1
Noordbrabant.,noordbroek,0.46153846153846156
Kesteren.,kesteren,0.1111111111111111
Oude-Niedorp,oude niedorp,0.08333333333333333
Ermelo.,ermelo,0.14285714285714285
St. Jansteen,sint jansteen,0.23076923076923078
Arenhorn,avenhorn,0.125
's Graveland.,'s-graveland,0.15384615384615385
Wetsdongeradeel,westdongeradeel,0.13333333333333333
Ravenstein.,ravenstein,0.09090909090909091
Bedum.,bedum,0.16666666666666666
Terheijden.,terheijden,0.09090909090909091
Vier Polders.,vierpolders,0.15384615384615385
Gent.,gendt,0.4
Stad-Hardenberg,stad hardenberg,0.06666666666666667
Rijp,strijp,0.3333333333333333
Kloetinge.,kloetinge,0.1
Vlist (Geene kom),vlist,0.0
Meijel.,meijel,0.14285714285714285
Ouwerkerk.,ouwerkerk,0.1
Zes Gehuchten,zesgehuchten,0.07692307692307693
Gorinchem.,gorinchem,0.1
Cats,kats,0.25
Schagen.,schagen,0.125
Ambij.,ameide,0.5
Bleskensgraaf en Hofwegen.,bleskensgraaf en hofwegen,0.038461538461538464
Kortgene.,kortgene,0.1111111111111111
Budel.,budel,0.16666666666666666
Horn.,horn,0.2
Asperen.,asperen,0.125
s Graveland,s gravesande,0.16666666666666666
Bergen op Zoom.,bergen op zoom,0.06666666666666667
Westerbork.,westerbork,0.09090909090909091
Mijdrecht.,mijdrecht,0.1
Borne.,borne,0.16666666666666666
Dongen.,dongen,0.14285714285714285
Sleen.,sleen,0.16666666666666666
Noordholland.,noordwolde,0.38461538461538464
Achttienhoven.,achttienhoven,0.07142857142857142
Oud- en Nieuw-Gastel.,oud- en nieuw-gastel,0.047619047619047616
Ittervoort.,ittervoort,0.09090909090909091
Schore.,schore,0.14285714285714285
Maarn (Geene kom),maarn,0.0
Grafhorst.,grafhorst,0.1
Zegveld.,zegveld,0.125
Steenbergen.,steenbergen,0.08333333333333333
Overschie.,overschie,0.1
Bladel en Netersel.,bladel en netersel,0.05263157894736842
Gennep.,gennep,0.14285714285714285
Ursem.,ursem,0.16666666666666666
Rockanje.,rockanje,0.1111111111111111
St. Maarten.,sint maarten,0.3333333333333333
Rijsenburg.,rijsenburg,0.09090909090909091
Noordgouwe.,noordgouwe,0.09090909090909091
Nieuweniedorp,nieuwe niedorp,0.07142857142857142
Termunten.,termunten,0.1
Haaksbergen.,haaksbergen,0.08333333333333333
Linschoten.,linschoten,0.09090909090909091
Wolphaartskerke,wolphaartsdijk,0.26666666666666666
St. Anna ter Muiden.,sint anna ter muiden,0.2
Waterlandkerkje.,waterlandkerkje,0.0625
Beesel.,beesel,0.14285714285714285
Zoutelande.,zoutelande,0.09090909090909091
Zierikzee.,zierikzee,0.1
Putte.,putte,0.16666666666666666
Renesse.,renesse,0.125
Harderwijk.,harderwijk,0.09090909090909091
Noordbroek.,noordbroek,0.09090909090909091
Grevenbicht.,grevenbicht,0.08333333333333333
Peursum.,peursum,0.125
Balgoij (Geene kom),balgoij,0.0
Sassenheim.,sassenheim,0.09090909090909091
Berchem,berghem,0.14285714285714285
Schoorl.,schoorl,0.125
Broek in Waterland.,broek in waterland,0.05263157894736842
Markelo.,markelo,0.125
Neuzen.,neuzen,0.14285714285714285
Nibbixwoud.,nibbixwoud,0.09090909090909091
Ham (den),chaam,0.4
Mijnsheerenland.,mijnsheerenland,0.0625
Hoogemierde,hoogelande,0.36363636363636365
Lekkerkerk.,lekkerkerk,0.09090909090909091
Hunsel.,hunsel,0.14285714285714285
Wijlre.,wijlre,0.14285714285714285
Warffum.,warffum,0.125
Wierden.,wierden,0.125
Heesbeen.,heesbeen c.a.,0.3076923076923077
Leusden (Geene kom),leusden,0.0
Udenhout.,udenhout,0.1111111111111111
Dinteloord en Prinsland.,dinteloord en prinsenland,0.12
Kralingen.,kralingen,0.1
Ritthem.,ritthem,0.125
Vinkeveen en Waverveen.,vinkeveen en waverveen,0.043478260869565216
de Werken en Sleeuwijk.,de werken en sleeuwijk,0.043478260869565216
Hazerswoude.,hazerswoude,0.08333333333333333
Voerendael.,voerendael,0.09090909090909091
Losse,losser,0.16666666666666666
Benschop.,benschop,0.1111111111111111
Brunssum.,brunssum,0.1111111111111111
Middelharnis.,middelharnis,0.07692307692307693
Midwolde,midwolda,0.125
Dokkum.,dokkum,0.14285714285714285
Oldekerk.,oldekerk,0.1111111111111111
Veghel.,veghel,0.14285714285714285
Zoeterwoude.,zoeterwoude,0.08333333333333333
St. Odili√´nberg,sint odiliënberg,0.3125
Willeskop.,willeskop,0.1
Ammerzoden.,ammerzoden,0.09090909090909091
Opsterland.,opsterland,0.09090909090909091
Winschoten.,winschoten,0.09090909090909091
't Bildt,het bildt,0.2222222222222222
Borkel,boekel,0.16666666666666666
Zwaluwe,zwolle,0.42857142857142855
Capelle aan den IJssel.,capelle aan den ijssel,0.043478260869565216
Tull en 't Waal (Geene kom),tull en 't waal,0.0
Everdingen.,everdingen,0.09090909090909091
Nieuwe-Schans,nieuweschans,0.07692307692307693
Aengwirden.,aengwirden,0.09090909090909091
Stevensweert.,stevensweert,0.07692307692307693
Abbenbroek.,abbenbroek,0.09090909090909091
Monnikendam.,monnikendam,0.08333333333333333
Eenrum.,eenrum,0.14285714285714285
Huizen.,huizen,0.14285714285714285
Barendrecht (Oost- en West-).,barendrecht,0.0
s Heer Arendskerke,'s-heer arendskerke,0.10526315789473684
Wijk aan Zee en Duin.,wijk aan zee en duin,0.047619047619047616
Smallingerland.,smallingerland,0.06666666666666667
Graauw en Langendam.,graauw en langendam,0.05
Heerlen.,heerlen,0.125
Staphorst.,staphorst,0.1
Oudewater.,oudewater,0.1
Lonneker (Geene kom),lonneker,0.0
Soest (Geene kom),soest,0.0
Stolwijk.,stolwijk,0.1111111111111111
Bolsward.,bolsward,0.1111111111111111
Montfoort.,montfoort,0.1
Bommel (Zalt-).,bemmel,0.16666666666666666
Assendelft.,assendelft,0.09090909090909091
Hengstdijk.,hengstdijk,0.09090909090909091
Wijchen.,wijchen,0.125
Ulestraten.,ulestraten,0.09090909090909091
Haaften.,haaften,0.125
Zwollerkerspel.,zwollerkerspel,0.06666666666666667
Zeijst.,zeist,0.2857142857142857
Oost-Dongeradeel.,oostdongeradeel,0.11764705882352941
Oostelbeers,oostermeer,0.2727272727272727
Schinveld.,schinveld,0.1
Nieuwkuik c.a.,nieuwkuyk,0.42857142857142855
Emmikhoven en Waardhuizen,veldhoven en meerveldhoven,0.5384615384615384
Domburg.,domburg,0.125
Berkel c.a.,bakel c.a.,0.18181818181818182
Zullichem,zuilichem,0.1111111111111111
Dwingelo,dwingeloo,0.1111111111111111
Dodewaard.,dodewaard,0.1
Zuidholland.,zuidland,0.3333333333333333
Kloosterburen.,kloosterburen,0.07142857142857142
Overslag.,overslag,0.1111111111111111
Houthem.,houthem,0.125
Ewijk (Geene kom),ewijk,0.0
Nieuwenhagen.,nieuwenhagen,0.07692307692307693
Montfort.,montfort,0.1111111111111111
Ankeveen.,ankeveen,0.1111111111111111
Bergenopzoom,bergen op zoom,0.14285714285714285
Broek.,broek,0.16666666666666666
Doniawerstal.,doniawerstal,0.07692307692307693
Hoogland (Geene kom),hoogland,0.0
Avereest (Geene kom),avereest,0.0
Gilze en Rijen.,gilze en rijen,0.06666666666666667
Rijekholt.,rijckholt,0.2
Leerdam.,leerdam,0.125
Nieuwkuik,nieuwkuyk,0.1111111111111111
Hoogvliet.,hoogvliet,0.1
Dantumadeel.,dantumadeel,0.08333333333333333
Vuren.,vuren,0.16666666666666666
Wisch.,wisch,0.16666666666666666
Hulst.,hulst,0.16666666666666666
Doniawerstel,doniawerstal,0.08333333333333333
Woerden.,woerden,0.125
Scherpenzeel.,scherpenzeel,0.07692307692307693
Schoonrewoerd.,schoonrewoerd,0.07142857142857142
Egmond binnen,egmond-binnen,0.07692307692307693
Heemstede.,heemstede,0.1
Hengelo.,hengelo,0.125
Nieuw- en St. Joostland.,nieuw- en sint joosland,0.20833333333333334
Arcen en Velden.,arcen en velden,0.0625
Leerbroek.,leerbroek,0.1
Wilsum.,wilsum,0.14285714285714285
Helle.,helden,0.3333333333333333
Anna-Paulowna,anna paulowna,0.07692307692307693
Ameland.,ameland,0.125
Bocholtz.,bocholtz,0.1111111111111111
St. Michielsgestel,st. michiels-gestel,0.05263157894736842
Schermerhorn.,schermerhorn,0.07692307692307693
Graauw,grouw,0.3333333333333333
Sloten (Nh.),sloten,0.0
Axel.,axel,0.2
Utrecht.,utrecht,0.125
Amerongen.,amerongen,0.1
Moercapelle.,moerkapelle,0.16666666666666666
Woensel en Eckart.,woensel c.a.,0.3888888888888889
Stoutenburg (Geene kom),stoutenburg,0.0
Boosteren.,oosterend,0.2
Oudelande.,oudelande,0.1
Meerssen.,meerssen,0.1111111111111111
Hemelumer Oldephaert,hemelumer oldeferd,0.2
Kuinre.,kuinre,0.14285714285714285
Sas van Gent.,sas van gent,0.07692307692307693
Scheemda.,scheemda,0.1111111111111111
Warder.,warder,0.14285714285714285
Zwaag.,zwaag,0.16666666666666666
Holten.,holten,0.14285714285714285
Hendrik-Ido-Ambacht.,hendrik-ido-ambacht,0.05
Haarzuilens.,haarzuilens,0.08333333333333333
t Bildt,het bildt,0.2222222222222222
Loonopzand,loon op zand,0.16666666666666666
Wittem.,wittem,0.14285714285714285
Zeelst.,zeelst,0.14285714285714285
Hardinxveld.,hardinxveld,0.08333333333333333
Nieuw en St. Joosland,nieuw- en sint joosland,0.17391304347826086
Ovezand,ovezande,0.125
Hoek.,hoek,0.2
St. Odili√´nberg.,sint odiliënberg,0.35294117647058826
Etten c.a.,gestel c.a.,0.2727272727272727
Jisp.,jisp,0.2
Ottersun.,ottersum,0.2222222222222222
Egmond binnen.,egmond-binnen,0.14285714285714285
Merkelbeek.,merkelbeek,0.09090909090909091
Maasdam.,maasdam,0.125
Tiel.,tiel,0.2
Rijnsaterwoude.,rijnsaterwoude,0.06666666666666667
Valkenburg.,valkenburg,0.09090909090909091
Veldhuizen (Geene kom),veldhuizen,0.0
Overasselt (Geene kom),overasselt,0.0
Grathem.,grathem,0.125
Beers.,beers,0.16666666666666666
Waddinxveen (Zuid-),waddinxveen,0.0
Midwoud.,midwoud,0.125
Doorn.,doorn,0.16666666666666666
Bemelen.,bemelen,0.125
Jutphaas.,jutphaas,0.1111111111111111
Huijbergen.,huijbergen,0.09090909090909091
Kamperveen.,kamperveen,0.09090909090909091
Druten.,druten,0.14285714285714285
Beets.,beets,0.16666666666666666
"Oploo, St. Anthonis en Ledeacker.","oploo, sint anthonis en ledeacker",0.12121212121212122
Tull en 't Waal.,tull en 't waal,0.0625
Vollenhove (Stad),vollenhove,0.0
Oudenrijn (Geene kom),oudenrijn,0.0
Driel.,driel,0.16666666666666666
Heemskerk.,heemskerk,0.1
Reusel.,reusel,0.14285714285714285
Castricum.,castricum,0.1
Rhoon.,rhoon,0.16666666666666666
Haaren.,haaren,0.14285714285714285
Leeuwarden.,leeuwarden,0.09090909090909091
Andel.,andel,0.16666666666666666
Riethoven.,riethoven,0.1
Dirksland.,dirksland,0.1
Nieuwe Pekela.,nieuwe pekela,0.07142857142857142
Ede.,ede,0.25
Beijerland (Zuid-).,reiderland,0.2
Nieuwland (Geene kom),nieuwland,0.0
Lierop.,lierop,0.14285714285714285
Blankenham.,blankenham,0.09090909090909091
Moordrecht.,moordrecht,0.09090909090909091
Venlo.,venlo,0.16666666666666666
Nieuwolda.,nieuwolda,0.1
Vierlingsbeek.,vierlingsbeek,0.07142857142857142
Assen.,assen,0.16666666666666666
Ossendrecht.,ossendrecht,0.08333333333333333
Huisseling.,huissen,0.36363636363636365
Brielle.,brielle,0.125
Elburg.,elburg,0.14285714285714285
Tonge (Nieuwe-),dongen,0.3333333333333333
Slochteren.,slochteren,0.09090909090909091
Gasselte.,gasselte,0.1111111111111111
Ambt-Ommen,ambt ommen,0.1
Willemstad.,willemstad,0.09090909090909091
Steenwijk.,steenwijk,0.1
Noordwijk.,noordwijk,0.1
Didam.,didam,0.16666666666666666
Oud Vroenhoven,oud-vroenhoven,0.07142857142857142
Nijeveen (Geene kom),nijeveen,0.0
Deurne en Liesel,deurne en liessel,0.058823529411764705
Hoensbroek.,hoensbroek,0.09090909090909091
Vlissingen (Vervolg),vlissingen,0.0
Roermond.,roermond,0.1111111111111111
Ruinerwold.,ruinerwold,0.09090909090909091
s Gravendeel,'s-gravendeel,0.15384615384615385
Zelhem.,zelhem,0.14285714285714285
Wissenkerke.,wissenkerke,0.08333333333333333
Itteren.,itteren,0.125
Spaarndam.,spaarndam,0.1
Oudenhoorn.,oudenhoorn,0.09090909090909091
Oeffelt.,oeffelt,0.125
Meerkerk.,meerkerk,0.1111111111111111
Eibergen.,eibergen,0.1111111111111111
Zwaluwe.,swalmen,0.5
Franekeradeel.,franekeradeel,0.07142857142857142
Gaasterland.,gaasterland,0.08333333333333333
Barradeel (Vervolg),barradeel,0.0
Bleiswijk.,bleiswijk,0.1
Tongelre.,tongelre,0.1111111111111111
Mook en Middelaar.,mook en middelaar,0.05555555555555555
Hoeven c.a.,oijen c.a.,0.2727272727272727
Wolphaartsdijk.,wolphaartsdijk,0.06666666666666667
Maasland.,maasland,0.1111111111111111
Zuilichem.,zuilichem,0.1
Wijdewormer.,wijdewormer,0.08333333333333333
Tietjerksteradeel (Vervolg),tietjerksteradeel,0.0
St. Pieter,sint pieter,0.2727272727272727
Diessen.,diessen,0.125
Zwolle.,zwolle,0.14285714285714285
Muntendam.,muntendam,0.1
Culemborg.,culemborg,0.1
Avereest.,avereest,0.1111111111111111
Deventer.,deventer,0.1111111111111111
Rietveld (Geene kom),rietveld,0.0
Breukelen Nijenrode,breukelen-nijenrode,0.05263157894736842
Vrouwenpolder.,vrouwenpolder,0.07142857142857142
Westmaas.,westmaas,0.1111111111111111
Stramproij.,stramproy,0.2727272727272727
Rijsbergen.,rijsbergen,0.09090909090909091
Boskoop.,boskoop,0.125
Stellendam.,stellendam,0.09090909090909091
Limmen.,limmen,0.14285714285714285
Amsterdam.,amsterdam,0.1
Bingelrade.,bingelrade,0.09090909090909091
